experiment,seed,status,returncode,command,started_order,started_at,finished_at,duration_sec
continuous-default,1,started,,C:\Users\Robin\miniconda3\python.exe SAC_lunar_lander.py --train --seed 1 --total-steps 500000 --random-steps 10000 --replay-capacity 100000 --eval-freq 5000 --log-dir logs_multiseed\run_20260501_171932 --eval-episodes 10,1,2026-05-01T17:19:32,,
continuous-default,2,started,,C:\Users\Robin\miniconda3\python.exe SAC_lunar_lander.py --train --seed 2 --total-steps 500000 --random-steps 10000 --replay-capacity 100000 --eval-freq 5000 --log-dir logs_multiseed\run_20260501_171932 --eval-episodes 10,2,2026-05-01T17:19:32,,
continuous-default,3,started,,C:\Users\Robin\miniconda3\python.exe SAC_lunar_lander.py --train --seed 3 --total-steps 500000 --random-steps 10000 --replay-capacity 100000 --eval-freq 5000 --log-dir logs_multiseed\run_20260501_171932 --eval-episodes 10,3,2026-05-01T17:19:32,,
continuous-default,4,started,,C:\Users\Robin\miniconda3\python.exe SAC_lunar_lander.py --train --seed 4 --total-steps 500000 --random-steps 10000 --replay-capacity 100000 --eval-freq 5000 --log-dir logs_multiseed\run_20260501_171932 --eval-episodes 10,4,2026-05-01T17:19:32,,
continuous-default,3,completed,0,C:\Users\Robin\miniconda3\python.exe SAC_lunar_lander.py --train --seed 3 --total-steps 500000 --random-steps 10000 --replay-capacity 100000 --eval-freq 5000 --log-dir logs_multiseed\run_20260501_171932 --eval-episodes 10,3,2026-05-01T17:19:32,2026-05-01T18:30:44,4272.3
continuous-default,5,started,,C:\Users\Robin\miniconda3\python.exe SAC_lunar_lander.py --train --seed 5 --total-steps 500000 --random-steps 10000 --replay-capacity 100000 --eval-freq 5000 --log-dir logs_multiseed\run_20260501_171932 --eval-episodes 10,5,2026-05-01T18:30:44,,
continuous-default,1,completed,0,C:\Users\Robin\miniconda3\python.exe SAC_lunar_lander.py --train --seed 1 --total-steps 500000 --random-steps 10000 --replay-capacity 100000 --eval-freq 5000 --log-dir logs_multiseed\run_20260501_171932 --eval-episodes 10,1,2026-05-01T17:19:32,2026-05-01T18:30:45,4272.5
continuous-default,6,started,,C:\Users\Robin\miniconda3\python.exe SAC_lunar_lander.py --train --seed 6 --total-steps 500000 --random-steps 10000 --replay-capacity 100000 --eval-freq 5000 --log-dir logs_multiseed\run_20260501_171932 --eval-episodes 10,6,2026-05-01T18:30:45,,
continuous-default,2,completed,0,C:\Users\Robin\miniconda3\python.exe SAC_lunar_lander.py --train --seed 2 --total-steps 500000 --random-steps 10000 --replay-capacity 100000 --eval-freq 5000 --log-dir logs_multiseed\run_20260501_171932 --eval-episodes 10,2,2026-05-01T17:19:32,2026-05-01T18:31:41,4328.6
continuous-default,7,started,,C:\Users\Robin\miniconda3\python.exe SAC_lunar_lander.py --train --seed 7 --total-steps 500000 --random-steps 10000 --replay-capacity 100000 --eval-freq 5000 --log-dir logs_multiseed\run_20260501_171932 --eval-episodes 10,7,2026-05-01T18:31:41,,
continuous-default,4,completed,0,C:\Users\Robin\miniconda3\python.exe SAC_lunar_lander.py --train --seed 4 --total-steps 500000 --random-steps 10000 --replay-capacity 100000 --eval-freq 5000 --log-dir logs_multiseed\run_20260501_171932 --eval-episodes 10,4,2026-05-01T17:19:32,2026-05-01T18:32:16,4363.6
continuous-default,8,started,,C:\Users\Robin\miniconda3\python.exe SAC_lunar_lander.py --train --seed 8 --total-steps 500000 --random-steps 10000 --replay-capacity 100000 --eval-freq 5000 --log-dir logs_multiseed\run_20260501_171932 --eval-episodes 10,8,2026-05-01T18:32:16,,
continuous-default,6,completed,0,C:\Users\Robin\miniconda3\python.exe SAC_lunar_lander.py --train --seed 6 --total-steps 500000 --random-steps 10000 --replay-capacity 100000 --eval-freq 5000 --log-dir logs_multiseed\run_20260501_171932 --eval-episodes 10,6,2026-05-01T18:30:45,2026-05-01T20:24:58,6853.6
continuous-default,9,started,,C:\Users\Robin\miniconda3\python.exe SAC_lunar_lander.py --train --seed 9 --total-steps 500000 --random-steps 10000 --replay-capacity 100000 --eval-freq 5000 --log-dir logs_multiseed\run_20260501_171932 --eval-episodes 10,9,2026-05-01T20:24:58,,
continuous-default,5,completed,0,C:\Users\Robin\miniconda3\python.exe SAC_lunar_lander.py --train --seed 5 --total-steps 500000 --random-steps 10000 --replay-capacity 100000 --eval-freq 5000 --log-dir logs_multiseed\run_20260501_171932 --eval-episodes 10,5,2026-05-01T18:30:44,2026-05-01T20:25:33,6888.2
continuous-default,10,started,,C:\Users\Robin\miniconda3\python.exe SAC_lunar_lander.py --train --seed 10 --total-steps 500000 --random-steps 10000 --replay-capacity 100000 --eval-freq 5000 --log-dir logs_multiseed\run_20260501_171932 --eval-episodes 10,10,2026-05-01T20:25:33,,
continuous-default,7,completed,0,C:\Users\Robin\miniconda3\python.exe SAC_lunar_lander.py --train --seed 7 --total-steps 500000 --random-steps 10000 --replay-capacity 100000 --eval-freq 5000 --log-dir logs_multiseed\run_20260501_171932 --eval-episodes 10,7,2026-05-01T18:31:41,2026-05-01T20:27:07,6926.2
continuous-default,11,started,,C:\Users\Robin\miniconda3\python.exe SAC_lunar_lander.py --train --seed 11 --total-steps 500000 --random-steps 10000 --replay-capacity 100000 --eval-freq 5000 --log-dir logs_multiseed\run_20260501_171932 --eval-episodes 10,11,2026-05-01T20:27:07,,
continuous-default,8,completed,0,C:\Users\Robin\miniconda3\python.exe SAC_lunar_lander.py --train --seed 8 --total-steps 500000 --random-steps 10000 --replay-capacity 100000 --eval-freq 5000 --log-dir logs_multiseed\run_20260501_171932 --eval-episodes 10,8,2026-05-01T18:32:16,2026-05-01T20:28:22,6966.1
continuous-default,12,started,,C:\Users\Robin\miniconda3\python.exe SAC_lunar_lander.py --train --seed 12 --total-steps 500000 --random-steps 10000 --replay-capacity 100000 --eval-freq 5000 --log-dir logs_multiseed\run_20260501_171932 --eval-episodes 10,12,2026-05-01T20:28:22,,
continuous-default,10,completed,0,C:\Users\Robin\miniconda3\python.exe SAC_lunar_lander.py --train --seed 10 --total-steps 500000 --random-steps 10000 --replay-capacity 100000 --eval-freq 5000 --log-dir logs_multiseed\run_20260501_171932 --eval-episodes 10,10,2026-05-01T20:25:33,2026-05-01T22:40:17,8084.0
continuous-default,13,started,,C:\Users\Robin\miniconda3\python.exe SAC_lunar_lander.py --train --seed 13 --total-steps 500000 --random-steps 10000 --replay-capacity 100000 --eval-freq 5000 --log-dir logs_multiseed\run_20260501_171932 --eval-episodes 10,13,2026-05-01T22:40:17,,
continuous-default,9,completed,0,C:\Users\Robin\miniconda3\python.exe SAC_lunar_lander.py --train --seed 9 --total-steps 500000 --random-steps 10000 --replay-capacity 100000 --eval-freq 5000 --log-dir logs_multiseed\run_20260501_171932 --eval-episodes 10,9,2026-05-01T20:24:58,2026-05-01T22:43:38,8320.2
continuous-default,14,started,,C:\Users\Robin\miniconda3\python.exe SAC_lunar_lander.py --train --seed 14 --total-steps 500000 --random-steps 10000 --replay-capacity 100000 --eval-freq 5000 --log-dir logs_multiseed\run_20260501_171932 --eval-episodes 10,14,2026-05-01T22:43:38,,
continuous-default,11,completed,0,C:\Users\Robin\miniconda3\python.exe SAC_lunar_lander.py --train --seed 11 --total-steps 500000 --random-steps 10000 --replay-capacity 100000 --eval-freq 5000 --log-dir logs_multiseed\run_20260501_171932 --eval-episodes 10,11,2026-05-01T20:27:07,2026-05-01T22:44:22,8235.0
continuous-default,15,started,,C:\Users\Robin\miniconda3\python.exe SAC_lunar_lander.py --train --seed 15 --total-steps 500000 --random-steps 10000 --replay-capacity 100000 --eval-freq 5000 --log-dir logs_multiseed\run_20260501_171932 --eval-episodes 10,15,2026-05-01T22:44:22,,
continuous-default,12,completed,0,C:\Users\Robin\miniconda3\python.exe SAC_lunar_lander.py --train --seed 12 --total-steps 500000 --random-steps 10000 --replay-capacity 100000 --eval-freq 5000 --log-dir logs_multiseed\run_20260501_171932 --eval-episodes 10,12,2026-05-01T20:28:22,2026-05-01T22:45:15,8213.3
hover-auto,1,started,,C:\Users\Robin\miniconda3\python.exe SAC_lunar_lander.py --train --hover-reward 200 --switched-hover-reward -100 --seed 1 --total-steps 500000 --random-steps 10000 --replay-capacity 100000 --eval-freq 5000 --log-dir logs_multiseed\run_20260501_171932 --hover-switch-step 250000 --eval-episodes 10,16,2026-05-01T22:45:15,,
continuous-default,13,completed,0,C:\Users\Robin\miniconda3\python.exe SAC_lunar_lander.py --train --seed 13 --total-steps 500000 --random-steps 10000 --replay-capacity 100000 --eval-freq 5000 --log-dir logs_multiseed\run_20260501_171932 --eval-episodes 10,13,2026-05-01T22:40:17,2026-05-02T00:47:45,7648.2
hover-auto,2,started,,C:\Users\Robin\miniconda3\python.exe SAC_lunar_lander.py --train --hover-reward 200 --switched-hover-reward -100 --seed 2 --total-steps 500000 --random-steps 10000 --replay-capacity 100000 --eval-freq 5000 --log-dir logs_multiseed\run_20260501_171932 --hover-switch-step 250000 --eval-episodes 10,17,2026-05-02T00:47:45,,
continuous-default,15,completed,0,C:\Users\Robin\miniconda3\python.exe SAC_lunar_lander.py --train --seed 15 --total-steps 500000 --random-steps 10000 --replay-capacity 100000 --eval-freq 5000 --log-dir logs_multiseed\run_20260501_171932 --eval-episodes 10,15,2026-05-01T22:44:22,2026-05-02T00:49:41,7519.4
hover-auto,3,started,,C:\Users\Robin\miniconda3\python.exe SAC_lunar_lander.py --train --hover-reward 200 --switched-hover-reward -100 --seed 3 --total-steps 500000 --random-steps 10000 --replay-capacity 100000 --eval-freq 5000 --log-dir logs_multiseed\run_20260501_171932 --hover-switch-step 250000 --eval-episodes 10,18,2026-05-02T00:49:41,,
continuous-default,14,completed,0,C:\Users\Robin\miniconda3\python.exe SAC_lunar_lander.py --train --seed 14 --total-steps 500000 --random-steps 10000 --replay-capacity 100000 --eval-freq 5000 --log-dir logs_multiseed\run_20260501_171932 --eval-episodes 10,14,2026-05-01T22:43:38,2026-05-02T00:50:13,7594.8
hover-auto,4,started,,C:\Users\Robin\miniconda3\python.exe SAC_lunar_lander.py --train --hover-reward 200 --switched-hover-reward -100 --seed 4 --total-steps 500000 --random-steps 10000 --replay-capacity 100000 --eval-freq 5000 --log-dir logs_multiseed\run_20260501_171932 --hover-switch-step 250000 --eval-episodes 10,19,2026-05-02T00:50:13,,
hover-auto,1,completed,0,C:\Users\Robin\miniconda3\python.exe SAC_lunar_lander.py --train --hover-reward 200 --switched-hover-reward -100 --seed 1 --total-steps 500000 --random-steps 10000 --replay-capacity 100000 --eval-freq 5000 --log-dir logs_multiseed\run_20260501_171932 --hover-switch-step 250000 --eval-episodes 10,16,2026-05-01T22:45:15,2026-05-02T00:51:33,7578.1
hover-auto,5,started,,C:\Users\Robin\miniconda3\python.exe SAC_lunar_lander.py --train --hover-reward 200 --switched-hover-reward -100 --seed 5 --total-steps 500000 --random-steps 10000 --replay-capacity 100000 --eval-freq 5000 --log-dir logs_multiseed\run_20260501_171932 --hover-switch-step 250000 --eval-episodes 10,20,2026-05-02T00:51:33,,
hover-auto,2,completed,0,C:\Users\Robin\miniconda3\python.exe SAC_lunar_lander.py --train --hover-reward 200 --switched-hover-reward -100 --seed 2 --total-steps 500000 --random-steps 10000 --replay-capacity 100000 --eval-freq 5000 --log-dir logs_multiseed\run_20260501_171932 --hover-switch-step 250000 --eval-episodes 10,17,2026-05-02T00:47:45,2026-05-02T01:59:07,4282.5
hover-auto,6,started,,C:\Users\Robin\miniconda3\python.exe SAC_lunar_lander.py --train --hover-reward 200 --switched-hover-reward -100 --seed 6 --total-steps 500000 --random-steps 10000 --replay-capacity 100000 --eval-freq 5000 --log-dir logs_multiseed\run_20260501_171932 --hover-switch-step 250000 --eval-episodes 10,21,2026-05-02T01:59:07,,
hover-auto,3,completed,0,C:\Users\Robin\miniconda3\python.exe SAC_lunar_lander.py --train --hover-reward 200 --switched-hover-reward -100 --seed 3 --total-steps 500000 --random-steps 10000 --replay-capacity 100000 --eval-freq 5000 --log-dir logs_multiseed\run_20260501_171932 --hover-switch-step 250000 --eval-episodes 10,18,2026-05-02T00:49:41,2026-05-02T02:01:17,4295.7
hover-auto,7,started,,C:\Users\Robin\miniconda3\python.exe SAC_lunar_lander.py --train --hover-reward 200 --switched-hover-reward -100 --seed 7 --total-steps 500000 --random-steps 10000 --replay-capacity 100000 --eval-freq 5000 --log-dir logs_multiseed\run_20260501_171932 --hover-switch-step 250000 --eval-episodes 10,22,2026-05-02T02:01:17,,
hover-auto,4,completed,0,C:\Users\Robin\miniconda3\python.exe SAC_lunar_lander.py --train --hover-reward 200 --switched-hover-reward -100 --seed 4 --total-steps 500000 --random-steps 10000 --replay-capacity 100000 --eval-freq 5000 --log-dir logs_multiseed\run_20260501_171932 --hover-switch-step 250000 --eval-episodes 10,19,2026-05-02T00:50:13,2026-05-02T02:01:58,4305.1
hover-auto,8,started,,C:\Users\Robin\miniconda3\python.exe SAC_lunar_lander.py --train --hover-reward 200 --switched-hover-reward -100 --seed 8 --total-steps 500000 --random-steps 10000 --replay-capacity 100000 --eval-freq 5000 --log-dir logs_multiseed\run_20260501_171932 --hover-switch-step 250000 --eval-episodes 10,23,2026-05-02T02:01:58,,
hover-auto,5,completed,0,C:\Users\Robin\miniconda3\python.exe SAC_lunar_lander.py --train --hover-reward 200 --switched-hover-reward -100 --seed 5 --total-steps 500000 --random-steps 10000 --replay-capacity 100000 --eval-freq 5000 --log-dir logs_multiseed\run_20260501_171932 --hover-switch-step 250000 --eval-episodes 10,20,2026-05-02T00:51:33,2026-05-02T02:03:30,4316.6
hover-auto,9,started,,C:\Users\Robin\miniconda3\python.exe SAC_lunar_lander.py --train --hover-reward 200 --switched-hover-reward -100 --seed 9 --total-steps 500000 --random-steps 10000 --replay-capacity 100000 --eval-freq 5000 --log-dir logs_multiseed\run_20260501_171932 --hover-switch-step 250000 --eval-episodes 10,24,2026-05-02T02:03:30,,
hover-auto,6,completed,0,C:\Users\Robin\miniconda3\python.exe SAC_lunar_lander.py --train --hover-reward 200 --switched-hover-reward -100 --seed 6 --total-steps 500000 --random-steps 10000 --replay-capacity 100000 --eval-freq 5000 --log-dir logs_multiseed\run_20260501_171932 --hover-switch-step 250000 --eval-episodes 10,21,2026-05-02T01:59:07,2026-05-02T03:10:05,4258.0
hover-auto,10,started,,C:\Users\Robin\miniconda3\python.exe SAC_lunar_lander.py --train --hover-reward 200 --switched-hover-reward -100 --seed 10 --total-steps 500000 --random-steps 10000 --replay-capacity 100000 --eval-freq 5000 --log-dir logs_multiseed\run_20260501_171932 --hover-switch-step 250000 --eval-episodes 10,25,2026-05-02T03:10:05,,
hover-auto,7,completed,0,C:\Users\Robin\miniconda3\python.exe SAC_lunar_lander.py --train --hover-reward 200 --switched-hover-reward -100 --seed 7 --total-steps 500000 --random-steps 10000 --replay-capacity 100000 --eval-freq 5000 --log-dir logs_multiseed\run_20260501_171932 --hover-switch-step 250000 --eval-episodes 10,22,2026-05-02T02:01:17,2026-05-02T03:12:03,4246.1
hover-auto,11,started,,C:\Users\Robin\miniconda3\python.exe SAC_lunar_lander.py --train --hover-reward 200 --switched-hover-reward -100 --seed 11 --total-steps 500000 --random-steps 10000 --replay-capacity 100000 --eval-freq 5000 --log-dir logs_multiseed\run_20260501_171932 --hover-switch-step 250000 --eval-episodes 10,26,2026-05-02T03:12:03,,
hover-auto,8,completed,0,C:\Users\Robin\miniconda3\python.exe SAC_lunar_lander.py --train --hover-reward 200 --switched-hover-reward -100 --seed 8 --total-steps 500000 --random-steps 10000 --replay-capacity 100000 --eval-freq 5000 --log-dir logs_multiseed\run_20260501_171932 --hover-switch-step 250000 --eval-episodes 10,23,2026-05-02T02:01:58,2026-05-02T03:13:41,4302.8
hover-auto,12,started,,C:\Users\Robin\miniconda3\python.exe SAC_lunar_lander.py --train --hover-reward 200 --switched-hover-reward -100 --seed 12 --total-steps 500000 --random-steps 10000 --replay-capacity 100000 --eval-freq 5000 --log-dir logs_multiseed\run_20260501_171932 --hover-switch-step 250000 --eval-episodes 10,27,2026-05-02T03:13:41,,
hover-auto,9,completed,0,C:\Users\Robin\miniconda3\python.exe SAC_lunar_lander.py --train --hover-reward 200 --switched-hover-reward -100 --seed 9 --total-steps 500000 --random-steps 10000 --replay-capacity 100000 --eval-freq 5000 --log-dir logs_multiseed\run_20260501_171932 --hover-switch-step 250000 --eval-episodes 10,24,2026-05-02T02:03:30,2026-05-02T03:15:18,4308.4
hover-auto,13,started,,C:\Users\Robin\miniconda3\python.exe SAC_lunar_lander.py --train --hover-reward 200 --switched-hover-reward -100 --seed 13 --total-steps 500000 --random-steps 10000 --replay-capacity 100000 --eval-freq 5000 --log-dir logs_multiseed\run_20260501_171932 --hover-switch-step 250000 --eval-episodes 10,28,2026-05-02T03:15:18,,
hover-auto,10,completed,0,C:\Users\Robin\miniconda3\python.exe SAC_lunar_lander.py --train --hover-reward 200 --switched-hover-reward -100 --seed 10 --total-steps 500000 --random-steps 10000 --replay-capacity 100000 --eval-freq 5000 --log-dir logs_multiseed\run_20260501_171932 --hover-switch-step 250000 --eval-episodes 10,25,2026-05-02T03:10:05,2026-05-02T04:20:52,4247.2
hover-auto,14,started,,C:\Users\Robin\miniconda3\python.exe SAC_lunar_lander.py --train --hover-reward 200 --switched-hover-reward -100 --seed 14 --total-steps 500000 --random-steps 10000 --replay-capacity 100000 --eval-freq 5000 --log-dir logs_multiseed\run_20260501_171932 --hover-switch-step 250000 --eval-episodes 10,29,2026-05-02T04:20:52,,
hover-auto,12,completed,0,C:\Users\Robin\miniconda3\python.exe SAC_lunar_lander.py --train --hover-reward 200 --switched-hover-reward -100 --seed 12 --total-steps 500000 --random-steps 10000 --replay-capacity 100000 --eval-freq 5000 --log-dir logs_multiseed\run_20260501_171932 --hover-switch-step 250000 --eval-episodes 10,27,2026-05-02T03:13:41,2026-05-02T04:24:06,4224.9
hover-auto,15,started,,C:\Users\Robin\miniconda3\python.exe SAC_lunar_lander.py --train --hover-reward 200 --switched-hover-reward -100 --seed 15 --total-steps 500000 --random-steps 10000 --replay-capacity 100000 --eval-freq 5000 --log-dir logs_multiseed\run_20260501_171932 --hover-switch-step 250000 --eval-episodes 10,30,2026-05-02T04:24:06,,
hover-auto,11,completed,0,C:\Users\Robin\miniconda3\python.exe SAC_lunar_lander.py --train --hover-reward 200 --switched-hover-reward -100 --seed 11 --total-steps 500000 --random-steps 10000 --replay-capacity 100000 --eval-freq 5000 --log-dir logs_multiseed\run_20260501_171932 --hover-switch-step 250000 --eval-episodes 10,26,2026-05-02T03:12:03,2026-05-02T04:24:20,4337.3
hover-fixed,1,started,,C:\Users\Robin\miniconda3\python.exe SAC_lunar_lander.py --train --hover-reward 200 --switched-hover-reward -100 --fixed-alpha 0.01 --seed 1 --total-steps 500000 --random-steps 10000 --replay-capacity 100000 --eval-freq 5000 --log-dir logs_multiseed\run_20260501_171932 --hover-switch-step 250000 --eval-episodes 10,31,2026-05-02T04:24:20,,
hover-auto,13,completed,0,C:\Users\Robin\miniconda3\python.exe SAC_lunar_lander.py --train --hover-reward 200 --switched-hover-reward -100 --seed 13 --total-steps 500000 --random-steps 10000 --replay-capacity 100000 --eval-freq 5000 --log-dir logs_multiseed\run_20260501_171932 --hover-switch-step 250000 --eval-episodes 10,28,2026-05-02T03:15:18,2026-05-02T04:25:56,4237.7
hover-fixed,2,started,,C:\Users\Robin\miniconda3\python.exe SAC_lunar_lander.py --train --hover-reward 200 --switched-hover-reward -100 --fixed-alpha 0.01 --seed 2 --total-steps 500000 --random-steps 10000 --replay-capacity 100000 --eval-freq 5000 --log-dir logs_multiseed\run_20260501_171932 --hover-switch-step 250000 --eval-episodes 10,32,2026-05-02T04:25:56,,
hover-auto,14,completed,0,C:\Users\Robin\miniconda3\python.exe SAC_lunar_lander.py --train --hover-reward 200 --switched-hover-reward -100 --seed 14 --total-steps 500000 --random-steps 10000 --replay-capacity 100000 --eval-freq 5000 --log-dir logs_multiseed\run_20260501_171932 --hover-switch-step 250000 --eval-episodes 10,29,2026-05-02T04:20:52,2026-05-02T05:31:39,4246.7
hover-fixed,3,started,,C:\Users\Robin\miniconda3\python.exe SAC_lunar_lander.py --train --hover-reward 200 --switched-hover-reward -100 --fixed-alpha 0.01 --seed 3 --total-steps 500000 --random-steps 10000 --replay-capacity 100000 --eval-freq 5000 --log-dir logs_multiseed\run_20260501_171932 --hover-switch-step 250000 --eval-episodes 10,33,2026-05-02T05:31:39,,
hover-fixed,1,completed,0,C:\Users\Robin\miniconda3\python.exe SAC_lunar_lander.py --train --hover-reward 200 --switched-hover-reward -100 --fixed-alpha 0.01 --seed 1 --total-steps 500000 --random-steps 10000 --replay-capacity 100000 --eval-freq 5000 --log-dir logs_multiseed\run_20260501_171932 --hover-switch-step 250000 --eval-episodes 10,31,2026-05-02T04:24:20,2026-05-02T05:33:22,4141.9
hover-fixed,4,started,,C:\Users\Robin\miniconda3\python.exe SAC_lunar_lander.py --train --hover-reward 200 --switched-hover-reward -100 --fixed-alpha 0.01 --seed 4 --total-steps 500000 --random-steps 10000 --replay-capacity 100000 --eval-freq 5000 --log-dir logs_multiseed\run_20260501_171932 --hover-switch-step 250000 --eval-episodes 10,34,2026-05-02T05:33:22,,
hover-auto,15,completed,0,C:\Users\Robin\miniconda3\python.exe SAC_lunar_lander.py --train --hover-reward 200 --switched-hover-reward -100 --seed 15 --total-steps 500000 --random-steps 10000 --replay-capacity 100000 --eval-freq 5000 --log-dir logs_multiseed\run_20260501_171932 --hover-switch-step 250000 --eval-episodes 10,30,2026-05-02T04:24:06,2026-05-02T05:34:48,4241.9
hover-fixed,5,started,,C:\Users\Robin\miniconda3\python.exe SAC_lunar_lander.py --train --hover-reward 200 --switched-hover-reward -100 --fixed-alpha 0.01 --seed 5 --total-steps 500000 --random-steps 10000 --replay-capacity 100000 --eval-freq 5000 --log-dir logs_multiseed\run_20260501_171932 --hover-switch-step 250000 --eval-episodes 10,35,2026-05-02T05:34:48,,
hover-fixed,2,completed,0,C:\Users\Robin\miniconda3\python.exe SAC_lunar_lander.py --train --hover-reward 200 --switched-hover-reward -100 --fixed-alpha 0.01 --seed 2 --total-steps 500000 --random-steps 10000 --replay-capacity 100000 --eval-freq 5000 --log-dir logs_multiseed\run_20260501_171932 --hover-switch-step 250000 --eval-episodes 10,32,2026-05-02T04:25:56,2026-05-02T05:35:16,4159.9
hover-fixed,6,started,,C:\Users\Robin\miniconda3\python.exe SAC_lunar_lander.py --train --hover-reward 200 --switched-hover-reward -100 --fixed-alpha 0.01 --seed 6 --total-steps 500000 --random-steps 10000 --replay-capacity 100000 --eval-freq 5000 --log-dir logs_multiseed\run_20260501_171932 --hover-switch-step 250000 --eval-episodes 10,36,2026-05-02T05:35:16,,
hover-fixed,3,completed,0,C:\Users\Robin\miniconda3\python.exe SAC_lunar_lander.py --train --hover-reward 200 --switched-hover-reward -100 --fixed-alpha 0.01 --seed 3 --total-steps 500000 --random-steps 10000 --replay-capacity 100000 --eval-freq 5000 --log-dir logs_multiseed\run_20260501_171932 --hover-switch-step 250000 --eval-episodes 10,33,2026-05-02T05:31:39,2026-05-02T06:41:49,4209.8
hover-fixed,7,started,,C:\Users\Robin\miniconda3\python.exe SAC_lunar_lander.py --train --hover-reward 200 --switched-hover-reward -100 --fixed-alpha 0.01 --seed 7 --total-steps 500000 --random-steps 10000 --replay-capacity 100000 --eval-freq 5000 --log-dir logs_multiseed\run_20260501_171932 --hover-switch-step 250000 --eval-episodes 10,37,2026-05-02T06:41:49,,
hover-fixed,4,completed,0,C:\Users\Robin\miniconda3\python.exe SAC_lunar_lander.py --train --hover-reward 200 --switched-hover-reward -100 --fixed-alpha 0.01 --seed 4 --total-steps 500000 --random-steps 10000 --replay-capacity 100000 --eval-freq 5000 --log-dir logs_multiseed\run_20260501_171932 --hover-switch-step 250000 --eval-episodes 10,34,2026-05-02T05:33:22,2026-05-02T06:43:04,4181.6
hover-fixed,8,started,,C:\Users\Robin\miniconda3\python.exe SAC_lunar_lander.py --train --hover-reward 200 --switched-hover-reward -100 --fixed-alpha 0.01 --seed 8 --total-steps 500000 --random-steps 10000 --replay-capacity 100000 --eval-freq 5000 --log-dir logs_multiseed\run_20260501_171932 --hover-switch-step 250000 --eval-episodes 10,38,2026-05-02T06:43:04,,
hover-fixed,5,completed,0,C:\Users\Robin\miniconda3\python.exe SAC_lunar_lander.py --train --hover-reward 200 --switched-hover-reward -100 --fixed-alpha 0.01 --seed 5 --total-steps 500000 --random-steps 10000 --replay-capacity 100000 --eval-freq 5000 --log-dir logs_multiseed\run_20260501_171932 --hover-switch-step 250000 --eval-episodes 10,35,2026-05-02T05:34:48,2026-05-02T06:44:24,4176.3
hover-fixed,9,started,,C:\Users\Robin\miniconda3\python.exe SAC_lunar_lander.py --train --hover-reward 200 --switched-hover-reward -100 --fixed-alpha 0.01 --seed 9 --total-steps 500000 --random-steps 10000 --replay-capacity 100000 --eval-freq 5000 --log-dir logs_multiseed\run_20260501_171932 --hover-switch-step 250000 --eval-episodes 10,39,2026-05-02T06:44:24,,
hover-fixed,6,completed,0,C:\Users\Robin\miniconda3\python.exe SAC_lunar_lander.py --train --hover-reward 200 --switched-hover-reward -100 --fixed-alpha 0.01 --seed 6 --total-steps 500000 --random-steps 10000 --replay-capacity 100000 --eval-freq 5000 --log-dir logs_multiseed\run_20260501_171932 --hover-switch-step 250000 --eval-episodes 10,36,2026-05-02T05:35:16,2026-05-02T06:45:20,4204.3
hover-fixed,10,started,,C:\Users\Robin\miniconda3\python.exe SAC_lunar_lander.py --train --hover-reward 200 --switched-hover-reward -100 --fixed-alpha 0.01 --seed 10 --total-steps 500000 --random-steps 10000 --replay-capacity 100000 --eval-freq 5000 --log-dir logs_multiseed\run_20260501_171932 --hover-switch-step 250000 --eval-episodes 10,40,2026-05-02T06:45:20,,
hover-fixed,7,completed,0,C:\Users\Robin\miniconda3\python.exe SAC_lunar_lander.py --train --hover-reward 200 --switched-hover-reward -100 --fixed-alpha 0.01 --seed 7 --total-steps 500000 --random-steps 10000 --replay-capacity 100000 --eval-freq 5000 --log-dir logs_multiseed\run_20260501_171932 --hover-switch-step 250000 --eval-episodes 10,37,2026-05-02T06:41:49,2026-05-02T07:52:07,4218.1
hover-fixed,11,started,,C:\Users\Robin\miniconda3\python.exe SAC_lunar_lander.py --train --hover-reward 200 --switched-hover-reward -100 --fixed-alpha 0.01 --seed 11 --total-steps 500000 --random-steps 10000 --replay-capacity 100000 --eval-freq 5000 --log-dir logs_multiseed\run_20260501_171932 --hover-switch-step 250000 --eval-episodes 10,41,2026-05-02T07:52:07,,
hover-fixed,8,completed,0,C:\Users\Robin\miniconda3\python.exe SAC_lunar_lander.py --train --hover-reward 200 --switched-hover-reward -100 --fixed-alpha 0.01 --seed 8 --total-steps 500000 --random-steps 10000 --replay-capacity 100000 --eval-freq 5000 --log-dir logs_multiseed\run_20260501_171932 --hover-switch-step 250000 --eval-episodes 10,38,2026-05-02T06:43:04,2026-05-02T07:53:25,4221.4
hover-fixed,12,started,,C:\Users\Robin\miniconda3\python.exe SAC_lunar_lander.py --train --hover-reward 200 --switched-hover-reward -100 --fixed-alpha 0.01 --seed 12 --total-steps 500000 --random-steps 10000 --replay-capacity 100000 --eval-freq 5000 --log-dir logs_multiseed\run_20260501_171932 --hover-switch-step 250000 --eval-episodes 10,42,2026-05-02T07:53:25,,
hover-fixed,10,completed,0,C:\Users\Robin\miniconda3\python.exe SAC_lunar_lander.py --train --hover-reward 200 --switched-hover-reward -100 --fixed-alpha 0.01 --seed 10 --total-steps 500000 --random-steps 10000 --replay-capacity 100000 --eval-freq 5000 --log-dir logs_multiseed\run_20260501_171932 --hover-switch-step 250000 --eval-episodes 10,40,2026-05-02T06:45:20,2026-05-02T07:54:46,4166.4
hover-fixed,13,started,,C:\Users\Robin\miniconda3\python.exe SAC_lunar_lander.py --train --hover-reward 200 --switched-hover-reward -100 --fixed-alpha 0.01 --seed 13 --total-steps 500000 --random-steps 10000 --replay-capacity 100000 --eval-freq 5000 --log-dir logs_multiseed\run_20260501_171932 --hover-switch-step 250000 --eval-episodes 10,43,2026-05-02T07:54:46,,
hover-fixed,9,completed,0,C:\Users\Robin\miniconda3\python.exe SAC_lunar_lander.py --train --hover-reward 200 --switched-hover-reward -100 --fixed-alpha 0.01 --seed 9 --total-steps 500000 --random-steps 10000 --replay-capacity 100000 --eval-freq 5000 --log-dir logs_multiseed\run_20260501_171932 --hover-switch-step 250000 --eval-episodes 10,39,2026-05-02T06:44:24,2026-05-02T07:55:07,4243.0
hover-fixed,14,started,,C:\Users\Robin\miniconda3\python.exe SAC_lunar_lander.py --train --hover-reward 200 --switched-hover-reward -100 --fixed-alpha 0.01 --seed 14 --total-steps 500000 --random-steps 10000 --replay-capacity 100000 --eval-freq 5000 --log-dir logs_multiseed\run_20260501_171932 --hover-switch-step 250000 --eval-episodes 10,44,2026-05-02T07:55:07,,
hover-fixed,11,completed,0,C:\Users\Robin\miniconda3\python.exe SAC_lunar_lander.py --train --hover-reward 200 --switched-hover-reward -100 --fixed-alpha 0.01 --seed 11 --total-steps 500000 --random-steps 10000 --replay-capacity 100000 --eval-freq 5000 --log-dir logs_multiseed\run_20260501_171932 --hover-switch-step 250000 --eval-episodes 10,41,2026-05-02T07:52:07,2026-05-02T09:02:14,4206.5
hover-fixed,15,started,,C:\Users\Robin\miniconda3\python.exe SAC_lunar_lander.py --train --hover-reward 200 --switched-hover-reward -100 --fixed-alpha 0.01 --seed 15 --total-steps 500000 --random-steps 10000 --replay-capacity 100000 --eval-freq 5000 --log-dir logs_multiseed\run_20260501_171932 --hover-switch-step 250000 --eval-episodes 10,45,2026-05-02T09:02:14,,
hover-fixed,12,completed,0,C:\Users\Robin\miniconda3\python.exe SAC_lunar_lander.py --train --hover-reward 200 --switched-hover-reward -100 --fixed-alpha 0.01 --seed 12 --total-steps 500000 --random-steps 10000 --replay-capacity 100000 --eval-freq 5000 --log-dir logs_multiseed\run_20260501_171932 --hover-switch-step 250000 --eval-episodes 10,42,2026-05-02T07:53:25,2026-05-02T09:02:22,4136.7
discrete-sac,1,started,,C:\Users\Robin\miniconda3\python.exe SAC_lunar_lander_discrete.py --algo discrete-sac --seed 1 --total-steps 500000 --random-steps 10000 --replay-capacity 100000 --eval-freq 5000 --log-dir logs_multiseed\run_20260501_171932 --eval-episodes 10 --target-entropy-ratio 0.5 --min-alpha 0.0001 --max-alpha 1.0,46,2026-05-02T09:02:22,,
hover-fixed,14,completed,0,C:\Users\Robin\miniconda3\python.exe SAC_lunar_lander.py --train --hover-reward 200 --switched-hover-reward -100 --fixed-alpha 0.01 --seed 14 --total-steps 500000 --random-steps 10000 --replay-capacity 100000 --eval-freq 5000 --log-dir logs_multiseed\run_20260501_171932 --hover-switch-step 250000 --eval-episodes 10,44,2026-05-02T07:55:07,2026-05-02T09:04:30,4162.4
discrete-sac,2,started,,C:\Users\Robin\miniconda3\python.exe SAC_lunar_lander_discrete.py --algo discrete-sac --seed 2 --total-steps 500000 --random-steps 10000 --replay-capacity 100000 --eval-freq 5000 --log-dir logs_multiseed\run_20260501_171932 --eval-episodes 10 --target-entropy-ratio 0.5 --min-alpha 0.0001 --max-alpha 1.0,47,2026-05-02T09:04:30,,
hover-fixed,13,completed,0,C:\Users\Robin\miniconda3\python.exe SAC_lunar_lander.py --train --hover-reward 200 --switched-hover-reward -100 --fixed-alpha 0.01 --seed 13 --total-steps 500000 --random-steps 10000 --replay-capacity 100000 --eval-freq 5000 --log-dir logs_multiseed\run_20260501_171932 --hover-switch-step 250000 --eval-episodes 10,43,2026-05-02T07:54:46,2026-05-02T09:04:30,4184.0
discrete-sac,3,started,,C:\Users\Robin\miniconda3\python.exe SAC_lunar_lander_discrete.py --algo discrete-sac --seed 3 --total-steps 500000 --random-steps 10000 --replay-capacity 100000 --eval-freq 5000 --log-dir logs_multiseed\run_20260501_171932 --eval-episodes 10 --target-entropy-ratio 0.5 --min-alpha 0.0001 --max-alpha 1.0,48,2026-05-02T09:04:30,,
hover-fixed,15,completed,0,C:\Users\Robin\miniconda3\python.exe SAC_lunar_lander.py --train --hover-reward 200 --switched-hover-reward -100 --fixed-alpha 0.01 --seed 15 --total-steps 500000 --random-steps 10000 --replay-capacity 100000 --eval-freq 5000 --log-dir logs_multiseed\run_20260501_171932 --hover-switch-step 250000 --eval-episodes 10,45,2026-05-02T09:02:14,2026-05-02T10:11:22,4148.0
discrete-sac,4,started,,C:\Users\Robin\miniconda3\python.exe SAC_lunar_lander_discrete.py --algo discrete-sac --seed 4 --total-steps 500000 --random-steps 10000 --replay-capacity 100000 --eval-freq 5000 --log-dir logs_multiseed\run_20260501_171932 --eval-episodes 10 --target-entropy-ratio 0.5 --min-alpha 0.0001 --max-alpha 1.0,49,2026-05-02T10:11:22,,
discrete-sac,1,completed,0,C:\Users\Robin\miniconda3\python.exe SAC_lunar_lander_discrete.py --algo discrete-sac --seed 1 --total-steps 500000 --random-steps 10000 --replay-capacity 100000 --eval-freq 5000 --log-dir logs_multiseed\run_20260501_171932 --eval-episodes 10 --target-entropy-ratio 0.5 --min-alpha 0.0001 --max-alpha 1.0,46,2026-05-02T09:02:22,2026-05-02T10:11:22,4139.9
discrete-sac,5,started,,C:\Users\Robin\miniconda3\python.exe SAC_lunar_lander_discrete.py --algo discrete-sac --seed 5 --total-steps 500000 --random-steps 10000 --replay-capacity 100000 --eval-freq 5000 --log-dir logs_multiseed\run_20260501_171932 --eval-episodes 10 --target-entropy-ratio 0.5 --min-alpha 0.0001 --max-alpha 1.0,50,2026-05-02T10:11:22,,
discrete-sac,3,completed,0,C:\Users\Robin\miniconda3\python.exe SAC_lunar_lander_discrete.py --algo discrete-sac --seed 3 --total-steps 500000 --random-steps 10000 --replay-capacity 100000 --eval-freq 5000 --log-dir logs_multiseed\run_20260501_171932 --eval-episodes 10 --target-entropy-ratio 0.5 --min-alpha 0.0001 --max-alpha 1.0,48,2026-05-02T09:04:30,2026-05-02T10:12:47,4097.1
discrete-sac,6,started,,C:\Users\Robin\miniconda3\python.exe SAC_lunar_lander_discrete.py --algo discrete-sac --seed 6 --total-steps 500000 --random-steps 10000 --replay-capacity 100000 --eval-freq 5000 --log-dir logs_multiseed\run_20260501_171932 --eval-episodes 10 --target-entropy-ratio 0.5 --min-alpha 0.0001 --max-alpha 1.0,51,2026-05-02T10:12:48,,
discrete-sac,2,completed,0,C:\Users\Robin\miniconda3\python.exe SAC_lunar_lander_discrete.py --algo discrete-sac --seed 2 --total-steps 500000 --random-steps 10000 --replay-capacity 100000 --eval-freq 5000 --log-dir logs_multiseed\run_20260501_171932 --eval-episodes 10 --target-entropy-ratio 0.5 --min-alpha 0.0001 --max-alpha 1.0,47,2026-05-02T09:04:30,2026-05-02T10:12:57,4107.1
discrete-sac,7,started,,C:\Users\Robin\miniconda3\python.exe SAC_lunar_lander_discrete.py --algo discrete-sac --seed 7 --total-steps 500000 --random-steps 10000 --replay-capacity 100000 --eval-freq 5000 --log-dir logs_multiseed\run_20260501_171932 --eval-episodes 10 --target-entropy-ratio 0.5 --min-alpha 0.0001 --max-alpha 1.0,52,2026-05-02T10:12:57,,
discrete-sac,5,completed,0,C:\Users\Robin\miniconda3\python.exe SAC_lunar_lander_discrete.py --algo discrete-sac --seed 5 --total-steps 500000 --random-steps 10000 --replay-capacity 100000 --eval-freq 5000 --log-dir logs_multiseed\run_20260501_171932 --eval-episodes 10 --target-entropy-ratio 0.5 --min-alpha 0.0001 --max-alpha 1.0,50,2026-05-02T10:11:22,2026-05-02T11:20:06,4124.3
discrete-sac,8,started,,C:\Users\Robin\miniconda3\python.exe SAC_lunar_lander_discrete.py --algo discrete-sac --seed 8 --total-steps 500000 --random-steps 10000 --replay-capacity 100000 --eval-freq 5000 --log-dir logs_multiseed\run_20260501_171932 --eval-episodes 10 --target-entropy-ratio 0.5 --min-alpha 0.0001 --max-alpha 1.0,53,2026-05-02T11:20:06,,
discrete-sac,4,completed,0,C:\Users\Robin\miniconda3\python.exe SAC_lunar_lander_discrete.py --algo discrete-sac --seed 4 --total-steps 500000 --random-steps 10000 --replay-capacity 100000 --eval-freq 5000 --log-dir logs_multiseed\run_20260501_171932 --eval-episodes 10 --target-entropy-ratio 0.5 --min-alpha 0.0001 --max-alpha 1.0,49,2026-05-02T10:11:22,2026-05-02T11:20:39,4157.2
discrete-sac,9,started,,C:\Users\Robin\miniconda3\python.exe SAC_lunar_lander_discrete.py --algo discrete-sac --seed 9 --total-steps 500000 --random-steps 10000 --replay-capacity 100000 --eval-freq 5000 --log-dir logs_multiseed\run_20260501_171932 --eval-episodes 10 --target-entropy-ratio 0.5 --min-alpha 0.0001 --max-alpha 1.0,54,2026-05-02T11:20:39,,
discrete-sac,6,completed,0,C:\Users\Robin\miniconda3\python.exe SAC_lunar_lander_discrete.py --algo discrete-sac --seed 6 --total-steps 500000 --random-steps 10000 --replay-capacity 100000 --eval-freq 5000 --log-dir logs_multiseed\run_20260501_171932 --eval-episodes 10 --target-entropy-ratio 0.5 --min-alpha 0.0001 --max-alpha 1.0,51,2026-05-02T10:12:48,2026-05-02T11:21:17,4109.6
discrete-sac,10,started,,C:\Users\Robin\miniconda3\python.exe SAC_lunar_lander_discrete.py --algo discrete-sac --seed 10 --total-steps 500000 --random-steps 10000 --replay-capacity 100000 --eval-freq 5000 --log-dir logs_multiseed\run_20260501_171932 --eval-episodes 10 --target-entropy-ratio 0.5 --min-alpha 0.0001 --max-alpha 1.0,55,2026-05-02T11:21:17,,
discrete-sac,7,completed,0,C:\Users\Robin\miniconda3\python.exe SAC_lunar_lander_discrete.py --algo discrete-sac --seed 7 --total-steps 500000 --random-steps 10000 --replay-capacity 100000 --eval-freq 5000 --log-dir logs_multiseed\run_20260501_171932 --eval-episodes 10 --target-entropy-ratio 0.5 --min-alpha 0.0001 --max-alpha 1.0,52,2026-05-02T10:12:57,2026-05-02T11:22:24,4167.6
discrete-sac,11,started,,C:\Users\Robin\miniconda3\python.exe SAC_lunar_lander_discrete.py --algo discrete-sac --seed 11 --total-steps 500000 --random-steps 10000 --replay-capacity 100000 --eval-freq 5000 --log-dir logs_multiseed\run_20260501_171932 --eval-episodes 10 --target-entropy-ratio 0.5 --min-alpha 0.0001 --max-alpha 1.0,56,2026-05-02T11:22:24,,
discrete-sac,8,completed,0,C:\Users\Robin\miniconda3\python.exe SAC_lunar_lander_discrete.py --algo discrete-sac --seed 8 --total-steps 500000 --random-steps 10000 --replay-capacity 100000 --eval-freq 5000 --log-dir logs_multiseed\run_20260501_171932 --eval-episodes 10 --target-entropy-ratio 0.5 --min-alpha 0.0001 --max-alpha 1.0,53,2026-05-02T11:20:06,2026-05-02T12:28:15,4089.3
discrete-sac,12,started,,C:\Users\Robin\miniconda3\python.exe SAC_lunar_lander_discrete.py --algo discrete-sac --seed 12 --total-steps 500000 --random-steps 10000 --replay-capacity 100000 --eval-freq 5000 --log-dir logs_multiseed\run_20260501_171932 --eval-episodes 10 --target-entropy-ratio 0.5 --min-alpha 0.0001 --max-alpha 1.0,57,2026-05-02T12:28:15,,
discrete-sac,9,completed,0,C:\Users\Robin\miniconda3\python.exe SAC_lunar_lander_discrete.py --algo discrete-sac --seed 9 --total-steps 500000 --random-steps 10000 --replay-capacity 100000 --eval-freq 5000 --log-dir logs_multiseed\run_20260501_171932 --eval-episodes 10 --target-entropy-ratio 0.5 --min-alpha 0.0001 --max-alpha 1.0,54,2026-05-02T11:20:39,2026-05-02T12:28:58,4099.1
discrete-sac,13,started,,C:\Users\Robin\miniconda3\python.exe SAC_lunar_lander_discrete.py --algo discrete-sac --seed 13 --total-steps 500000 --random-steps 10000 --replay-capacity 100000 --eval-freq 5000 --log-dir logs_multiseed\run_20260501_171932 --eval-episodes 10 --target-entropy-ratio 0.5 --min-alpha 0.0001 --max-alpha 1.0,58,2026-05-02T12:28:58,,
discrete-sac,10,completed,0,C:\Users\Robin\miniconda3\python.exe SAC_lunar_lander_discrete.py --algo discrete-sac --seed 10 --total-steps 500000 --random-steps 10000 --replay-capacity 100000 --eval-freq 5000 --log-dir logs_multiseed\run_20260501_171932 --eval-episodes 10 --target-entropy-ratio 0.5 --min-alpha 0.0001 --max-alpha 1.0,55,2026-05-02T11:21:17,2026-05-02T12:29:49,4112.3
discrete-sac,14,started,,C:\Users\Robin\miniconda3\python.exe SAC_lunar_lander_discrete.py --algo discrete-sac --seed 14 --total-steps 500000 --random-steps 10000 --replay-capacity 100000 --eval-freq 5000 --log-dir logs_multiseed\run_20260501_171932 --eval-episodes 10 --target-entropy-ratio 0.5 --min-alpha 0.0001 --max-alpha 1.0,59,2026-05-02T12:29:49,,
discrete-sac,11,completed,0,C:\Users\Robin\miniconda3\python.exe SAC_lunar_lander_discrete.py --algo discrete-sac --seed 11 --total-steps 500000 --random-steps 10000 --replay-capacity 100000 --eval-freq 5000 --log-dir logs_multiseed\run_20260501_171932 --eval-episodes 10 --target-entropy-ratio 0.5 --min-alpha 0.0001 --max-alpha 1.0,56,2026-05-02T11:22:24,2026-05-02T12:31:55,4170.9
discrete-sac,15,started,,C:\Users\Robin\miniconda3\python.exe SAC_lunar_lander_discrete.py --algo discrete-sac --seed 15 --total-steps 500000 --random-steps 10000 --replay-capacity 100000 --eval-freq 5000 --log-dir logs_multiseed\run_20260501_171932 --eval-episodes 10 --target-entropy-ratio 0.5 --min-alpha 0.0001 --max-alpha 1.0,60,2026-05-02T12:31:55,,
discrete-sac,12,completed,0,C:\Users\Robin\miniconda3\python.exe SAC_lunar_lander_discrete.py --algo discrete-sac --seed 12 --total-steps 500000 --random-steps 10000 --replay-capacity 100000 --eval-freq 5000 --log-dir logs_multiseed\run_20260501_171932 --eval-episodes 10 --target-entropy-ratio 0.5 --min-alpha 0.0001 --max-alpha 1.0,57,2026-05-02T12:28:15,2026-05-02T13:35:47,4051.8
dqn,1,started,,C:\Users\Robin\miniconda3\python.exe SAC_lunar_lander_discrete.py --algo dqn --seed 1 --total-steps 500000 --random-steps 10000 --replay-capacity 100000 --eval-freq 5000 --log-dir logs_multiseed\run_20260501_171932 --eval-episodes 10 --dqn-lr 0.0001 --grad-clip-norm 10.0,61,2026-05-02T13:35:47,,
discrete-sac,13,completed,0,C:\Users\Robin\miniconda3\python.exe SAC_lunar_lander_discrete.py --algo discrete-sac --seed 13 --total-steps 500000 --random-steps 10000 --replay-capacity 100000 --eval-freq 5000 --log-dir logs_multiseed\run_20260501_171932 --eval-episodes 10 --target-entropy-ratio 0.5 --min-alpha 0.0001 --max-alpha 1.0,58,2026-05-02T12:28:58,2026-05-02T13:37:00,4081.7
dqn,2,started,,C:\Users\Robin\miniconda3\python.exe SAC_lunar_lander_discrete.py --algo dqn --seed 2 --total-steps 500000 --random-steps 10000 --replay-capacity 100000 --eval-freq 5000 --log-dir logs_multiseed\run_20260501_171932 --eval-episodes 10 --dqn-lr 0.0001 --grad-clip-norm 10.0,62,2026-05-02T13:37:00,,
discrete-sac,14,completed,0,C:\Users\Robin\miniconda3\python.exe SAC_lunar_lander_discrete.py --algo discrete-sac --seed 14 --total-steps 500000 --random-steps 10000 --replay-capacity 100000 --eval-freq 5000 --log-dir logs_multiseed\run_20260501_171932 --eval-episodes 10 --target-entropy-ratio 0.5 --min-alpha 0.0001 --max-alpha 1.0,59,2026-05-02T12:29:49,2026-05-02T13:38:15,4105.6
dqn,3,started,,C:\Users\Robin\miniconda3\python.exe SAC_lunar_lander_discrete.py --algo dqn --seed 3 --total-steps 500000 --random-steps 10000 --replay-capacity 100000 --eval-freq 5000 --log-dir logs_multiseed\run_20260501_171932 --eval-episodes 10 --dqn-lr 0.0001 --grad-clip-norm 10.0,63,2026-05-02T13:38:15,,
discrete-sac,15,completed,0,C:\Users\Robin\miniconda3\python.exe SAC_lunar_lander_discrete.py --algo discrete-sac --seed 15 --total-steps 500000 --random-steps 10000 --replay-capacity 100000 --eval-freq 5000 --log-dir logs_multiseed\run_20260501_171932 --eval-episodes 10 --target-entropy-ratio 0.5 --min-alpha 0.0001 --max-alpha 1.0,60,2026-05-02T12:31:55,2026-05-02T13:40:18,4103.1
dqn,4,started,,C:\Users\Robin\miniconda3\python.exe SAC_lunar_lander_discrete.py --algo dqn --seed 4 --total-steps 500000 --random-steps 10000 --replay-capacity 100000 --eval-freq 5000 --log-dir logs_multiseed\run_20260501_171932 --eval-episodes 10 --dqn-lr 0.0001 --grad-clip-norm 10.0,64,2026-05-02T13:40:18,,
dqn,1,completed,0,C:\Users\Robin\miniconda3\python.exe SAC_lunar_lander_discrete.py --algo dqn --seed 1 --total-steps 500000 --random-steps 10000 --replay-capacity 100000 --eval-freq 5000 --log-dir logs_multiseed\run_20260501_171932 --eval-episodes 10 --dqn-lr 0.0001 --grad-clip-norm 10.0,61,2026-05-02T13:35:47,2026-05-02T13:53:01,1033.5
dqn,5,started,,C:\Users\Robin\miniconda3\python.exe SAC_lunar_lander_discrete.py --algo dqn --seed 5 --total-steps 500000 --random-steps 10000 --replay-capacity 100000 --eval-freq 5000 --log-dir logs_multiseed\run_20260501_171932 --eval-episodes 10 --dqn-lr 0.0001 --grad-clip-norm 10.0,65,2026-05-02T13:53:01,,
dqn,2,completed,0,C:\Users\Robin\miniconda3\python.exe SAC_lunar_lander_discrete.py --algo dqn --seed 2 --total-steps 500000 --random-steps 10000 --replay-capacity 100000 --eval-freq 5000 --log-dir logs_multiseed\run_20260501_171932 --eval-episodes 10 --dqn-lr 0.0001 --grad-clip-norm 10.0,62,2026-05-02T13:37:00,2026-05-02T13:54:27,1047.6
dqn,6,started,,C:\Users\Robin\miniconda3\python.exe SAC_lunar_lander_discrete.py --algo dqn --seed 6 --total-steps 500000 --random-steps 10000 --replay-capacity 100000 --eval-freq 5000 --log-dir logs_multiseed\run_20260501_171932 --eval-episodes 10 --dqn-lr 0.0001 --grad-clip-norm 10.0,66,2026-05-02T13:54:27,,
dqn,3,completed,0,C:\Users\Robin\miniconda3\python.exe SAC_lunar_lander_discrete.py --algo dqn --seed 3 --total-steps 500000 --random-steps 10000 --replay-capacity 100000 --eval-freq 5000 --log-dir logs_multiseed\run_20260501_171932 --eval-episodes 10 --dqn-lr 0.0001 --grad-clip-norm 10.0,63,2026-05-02T13:38:15,2026-05-02T13:55:40,1045.2
dqn,7,started,,C:\Users\Robin\miniconda3\python.exe SAC_lunar_lander_discrete.py --algo dqn --seed 7 --total-steps 500000 --random-steps 10000 --replay-capacity 100000 --eval-freq 5000 --log-dir logs_multiseed\run_20260501_171932 --eval-episodes 10 --dqn-lr 0.0001 --grad-clip-norm 10.0,67,2026-05-02T13:55:40,,
dqn,4,completed,0,C:\Users\Robin\miniconda3\python.exe SAC_lunar_lander_discrete.py --algo dqn --seed 4 --total-steps 500000 --random-steps 10000 --replay-capacity 100000 --eval-freq 5000 --log-dir logs_multiseed\run_20260501_171932 --eval-episodes 10 --dqn-lr 0.0001 --grad-clip-norm 10.0,64,2026-05-02T13:40:18,2026-05-02T13:57:42,1043.4
dqn,8,started,,C:\Users\Robin\miniconda3\python.exe SAC_lunar_lander_discrete.py --algo dqn --seed 8 --total-steps 500000 --random-steps 10000 --replay-capacity 100000 --eval-freq 5000 --log-dir logs_multiseed\run_20260501_171932 --eval-episodes 10 --dqn-lr 0.0001 --grad-clip-norm 10.0,68,2026-05-02T13:57:42,,
dqn,5,completed,0,C:\Users\Robin\miniconda3\python.exe SAC_lunar_lander_discrete.py --algo dqn --seed 5 --total-steps 500000 --random-steps 10000 --replay-capacity 100000 --eval-freq 5000 --log-dir logs_multiseed\run_20260501_171932 --eval-episodes 10 --dqn-lr 0.0001 --grad-clip-norm 10.0,65,2026-05-02T13:53:01,2026-05-02T14:10:33,1052.6
dqn,9,started,,C:\Users\Robin\miniconda3\python.exe SAC_lunar_lander_discrete.py --algo dqn --seed 9 --total-steps 500000 --random-steps 10000 --replay-capacity 100000 --eval-freq 5000 --log-dir logs_multiseed\run_20260501_171932 --eval-episodes 10 --dqn-lr 0.0001 --grad-clip-norm 10.0,69,2026-05-02T14:10:33,,
dqn,6,completed,0,C:\Users\Robin\miniconda3\python.exe SAC_lunar_lander_discrete.py --algo dqn --seed 6 --total-steps 500000 --random-steps 10000 --replay-capacity 100000 --eval-freq 5000 --log-dir logs_multiseed\run_20260501_171932 --eval-episodes 10 --dqn-lr 0.0001 --grad-clip-norm 10.0,66,2026-05-02T13:54:27,2026-05-02T14:12:06,1058.7
dqn,10,started,,C:\Users\Robin\miniconda3\python.exe SAC_lunar_lander_discrete.py --algo dqn --seed 10 --total-steps 500000 --random-steps 10000 --replay-capacity 100000 --eval-freq 5000 --log-dir logs_multiseed\run_20260501_171932 --eval-episodes 10 --dqn-lr 0.0001 --grad-clip-norm 10.0,70,2026-05-02T14:12:06,,
dqn,7,completed,0,C:\Users\Robin\miniconda3\python.exe SAC_lunar_lander_discrete.py --algo dqn --seed 7 --total-steps 500000 --random-steps 10000 --replay-capacity 100000 --eval-freq 5000 --log-dir logs_multiseed\run_20260501_171932 --eval-episodes 10 --dqn-lr 0.0001 --grad-clip-norm 10.0,67,2026-05-02T13:55:40,2026-05-02T14:13:03,1042.4
dqn,11,started,,C:\Users\Robin\miniconda3\python.exe SAC_lunar_lander_discrete.py --algo dqn --seed 11 --total-steps 500000 --random-steps 10000 --replay-capacity 100000 --eval-freq 5000 --log-dir logs_multiseed\run_20260501_171932 --eval-episodes 10 --dqn-lr 0.0001 --grad-clip-norm 10.0,71,2026-05-02T14:13:03,,
dqn,8,completed,0,C:\Users\Robin\miniconda3\python.exe SAC_lunar_lander_discrete.py --algo dqn --seed 8 --total-steps 500000 --random-steps 10000 --replay-capacity 100000 --eval-freq 5000 --log-dir logs_multiseed\run_20260501_171932 --eval-episodes 10 --dqn-lr 0.0001 --grad-clip-norm 10.0,68,2026-05-02T13:57:42,2026-05-02T14:15:12,1050.2
dqn,12,started,,C:\Users\Robin\miniconda3\python.exe SAC_lunar_lander_discrete.py --algo dqn --seed 12 --total-steps 500000 --random-steps 10000 --replay-capacity 100000 --eval-freq 5000 --log-dir logs_multiseed\run_20260501_171932 --eval-episodes 10 --dqn-lr 0.0001 --grad-clip-norm 10.0,72,2026-05-02T14:15:12,,
dqn,9,completed,0,C:\Users\Robin\miniconda3\python.exe SAC_lunar_lander_discrete.py --algo dqn --seed 9 --total-steps 500000 --random-steps 10000 --replay-capacity 100000 --eval-freq 5000 --log-dir logs_multiseed\run_20260501_171932 --eval-episodes 10 --dqn-lr 0.0001 --grad-clip-norm 10.0,69,2026-05-02T14:10:33,2026-05-02T14:27:44,1031.1
dqn,13,started,,C:\Users\Robin\miniconda3\python.exe SAC_lunar_lander_discrete.py --algo dqn --seed 13 --total-steps 500000 --random-steps 10000 --replay-capacity 100000 --eval-freq 5000 --log-dir logs_multiseed\run_20260501_171932 --eval-episodes 10 --dqn-lr 0.0001 --grad-clip-norm 10.0,73,2026-05-02T14:27:44,,
dqn,10,completed,0,C:\Users\Robin\miniconda3\python.exe SAC_lunar_lander_discrete.py --algo dqn --seed 10 --total-steps 500000 --random-steps 10000 --replay-capacity 100000 --eval-freq 5000 --log-dir logs_multiseed\run_20260501_171932 --eval-episodes 10 --dqn-lr 0.0001 --grad-clip-norm 10.0,70,2026-05-02T14:12:06,2026-05-02T14:29:41,1054.8
dqn,14,started,,C:\Users\Robin\miniconda3\python.exe SAC_lunar_lander_discrete.py --algo dqn --seed 14 --total-steps 500000 --random-steps 10000 --replay-capacity 100000 --eval-freq 5000 --log-dir logs_multiseed\run_20260501_171932 --eval-episodes 10 --dqn-lr 0.0001 --grad-clip-norm 10.0,74,2026-05-02T14:29:41,,
dqn,11,completed,0,C:\Users\Robin\miniconda3\python.exe SAC_lunar_lander_discrete.py --algo dqn --seed 11 --total-steps 500000 --random-steps 10000 --replay-capacity 100000 --eval-freq 5000 --log-dir logs_multiseed\run_20260501_171932 --eval-episodes 10 --dqn-lr 0.0001 --grad-clip-norm 10.0,71,2026-05-02T14:13:03,2026-05-02T14:30:41,1058.7
dqn,15,started,,C:\Users\Robin\miniconda3\python.exe SAC_lunar_lander_discrete.py --algo dqn --seed 15 --total-steps 500000 --random-steps 10000 --replay-capacity 100000 --eval-freq 5000 --log-dir logs_multiseed\run_20260501_171932 --eval-episodes 10 --dqn-lr 0.0001 --grad-clip-norm 10.0,75,2026-05-02T14:30:41,,
dqn,12,completed,0,C:\Users\Robin\miniconda3\python.exe SAC_lunar_lander_discrete.py --algo dqn --seed 12 --total-steps 500000 --random-steps 10000 --replay-capacity 100000 --eval-freq 5000 --log-dir logs_multiseed\run_20260501_171932 --eval-episodes 10 --dqn-lr 0.0001 --grad-clip-norm 10.0,72,2026-05-02T14:15:12,2026-05-02T14:32:32,1040.5
dqn,13,completed,0,C:\Users\Robin\miniconda3\python.exe SAC_lunar_lander_discrete.py --algo dqn --seed 13 --total-steps 500000 --random-steps 10000 --replay-capacity 100000 --eval-freq 5000 --log-dir logs_multiseed\run_20260501_171932 --eval-episodes 10 --dqn-lr 0.0001 --grad-clip-norm 10.0,73,2026-05-02T14:27:44,2026-05-02T14:44:41,1016.7
dqn,14,completed,0,C:\Users\Robin\miniconda3\python.exe SAC_lunar_lander_discrete.py --algo dqn --seed 14 --total-steps 500000 --random-steps 10000 --replay-capacity 100000 --eval-freq 5000 --log-dir logs_multiseed\run_20260501_171932 --eval-episodes 10 --dqn-lr 0.0001 --grad-clip-norm 10.0,74,2026-05-02T14:29:41,2026-05-02T14:46:18,997.3
dqn,15,completed,0,C:\Users\Robin\miniconda3\python.exe SAC_lunar_lander_discrete.py --algo dqn --seed 15 --total-steps 500000 --random-steps 10000 --replay-capacity 100000 --eval-freq 5000 --log-dir logs_multiseed\run_20260501_171932 --eval-episodes 10 --dqn-lr 0.0001 --grad-clip-norm 10.0,75,2026-05-02T14:30:41,2026-05-02T14:47:12,991.2
